,m1p,m2p,m3p,me,mmu,mtau,md,ms,mb,mu,mc,mt,v
0,5.621162629429747e-15,8.315331806587741e-12,5.0563880452181185e-11,0.0004858179895656,0.1023108536761177,1.7384652382945625,0.0027760862971845,0.0542829217644994,2.7144089211015374,0.0009472627006926,0.6189111865542865,163.00634249651748,246.2196240541516
