a1,Theta11,Theta12,Theta13,Theta21,Theta22,Theta23,Theta31,Theta32,Theta33,Omega11,Omega12,Omega13,Omega21,Omega22,Omega23,Omega31,Omega32,Omega33,mS1,mS2,Ye11,Ye12,Ye13,Ye21,Ye22,Ye23,Ye31,Ye32,Ye33,Yu11,Yu12,Yu13,Yu21,Yu22,Yu23,Yu31,Yu32,Yu33,Yd11,Yd12,Yd13,Yd21,Yd22,Yd23,Yd31,Yd32,Yd33,gHR,gHRp,gHS,muS,muR,lambd,mu2,Upsilon11,Upsilon21,Upsilon31,Upsilon12,Upsilon22,Upsilon32,Upsilon13,Upsilon23,Upsilon33
7.503781191113062,(0.0069058288328887-0.02426356801682088j),(2.0963719839777367e-08-4.351302362928086e-07j),(-3.511769770315651e-07+2.0628786486794263e-07j),(-0.00010391230305912973+0.0003164138826175476j),(2.0997680406416e-08-1.8220440955279285e-07j),(2.6839283689023223+0.4398315629811789j),(0.03202020545682173-0.015628859783431405j),(-0.10124442569586187-0.03498056783309821j),(0.515234785043701+2.0798705079956634j),(0.03422977645825945+0.07389651955182762j),(0.0022441891451516634-0.002768162469404828j),(-3.815830707479374e-06+2.331662942448336e-06j),(3.0514718307416163e-06+7.159211467288075e-07j),(3.0708035670627162e-06-5.034894896798183e-07j),(1.2922598218396012e-06-2.1176231121208885e-07j),(0.13452365254938048+0.427632165603451j),(0.0017223927618208702-0.0032268429455375104j),(-5.326414566688483e-06+1.723000211370026e-06j),2437.734348452441,8049.77005230998,2.7955264782558013e-06,0.0,0.0,0.0,0.0005879478255006,0.0,0.0,0.0,0.0099862693755119,4.649170287695561e-06,0.0,0.0,0.0,0.0035866482071171,0.0,0.0,0.0,0.9359133207004856,(0.00013520432030876819-4.713807963129939e-05j),(-0.0006509584347443988-1.0964461160462721e-05j),(0.014550760713470924-4.707085573655424e-09j),(-1.7754943778793817e-05-9.771061262171766e-06j),(9.816525593126921e-05-2.272778665222662e-06j),(0.003016177866351003-2.8313800459838676e-08j),(-1.4416352039866183e-05-1.244386853079264e-05j),(-1.1235534674724212e-05-2.894481791769571e-06j),(0.003841205721581017+4.006301193448444e-08j),-2.174919123178032,4.419611463879795,1.8451318899619809,5886618.997863557,64730756.57311092,0.2581480981756368,-15650.011411971906,(-2.7885451408494902e-05-2.6711519133152787e-06j),(-0.00029306191001749696-0.09503468887976414j),(-1.2285668910837208e-07+2.8074372648399628e-08j),(-0.021489533010021458+4.469937054016385e-06j),(4.3092711474317275e-07-1.8581730302183207e-06j),(1.788220989181738+1.9975258599235894j),(4.328612256989012e-07+2.3265797672066258e-08j),(6.849592175787005e-08+3.178237803443602e-05j),(1.6913373251553683e-06+4.3507238786871006e-08j)
