,m1p,m2p,m3p,me,mmu,mtau,md,ms,mb,mu,mc,mt,v
24457,1.7072228165580664e-13,8.936561244303216e-12,5.057357991806834e-11,0.0004863820702832,0.1023528128606666,1.7383689057672904,0.0028577934274405,0.0457694775763186,2.6762378431662643,0.0013730636804843,0.57563210641011,162.20181514125642,246.2197080777455
