theta12,theta23,theta13,deltaCP,sdeltam21,sdeltam32,s12q,s13q,s23q,DqCP
31.35157238770839,45.27417794914476,8.64717352727463,180.0,7.893956601307061e-05,0.0025452523139637,0.2265549941222802,0.003529929531507,0.0398844347058863,1.2292416649336704
