a1,Theta11,Theta12,Theta13,Theta21,Theta22,Theta23,Theta31,Theta32,Theta33,Omega11,Omega12,Omega13,Omega21,Omega22,Omega23,Omega31,Omega32,Omega33,mS1,mS2,Ye11,Ye12,Ye13,Ye21,Ye22,Ye23,Ye31,Ye32,Ye33,Yu11,Yu12,Yu13,Yu21,Yu22,Yu23,Yu31,Yu32,Yu33,Yd11,Yd12,Yd13,Yd21,Yd22,Yd23,Yd31,Yd32,Yd33,gHR,gHRp,gHS,muS,muR,lambd,mu2,Upsilon11,Upsilon21,Upsilon31,Upsilon12,Upsilon22,Upsilon32,Upsilon13,Upsilon23,Upsilon33
6.58036215477188,(0.007388373371266682-0.025724514624781817j),(2.2083045786629262e-08-4.34503714613168e-07j),(-3.6344459652767265e-07+2.0308413932176084e-07j),(-0.00010510216774294957+0.00030831806066277274j),(1.7298770718032735e-08-1.813201208088839e-07j),(2.849397420136499+0.46694798582445496j),(0.03507153212532389-0.015763195253804776j),(-0.11256398129739476-0.03478046987761322j),(0.4701404666374957+2.423670189102598j),(0.03419083912201671+0.07389673593267086j),(0.002183999792447181-0.0027678280123110198j),(-3.7733046426292612e-06+2.3314782279719825e-06j),(3.0514718307416163e-06+7.159211467288075e-07j),(3.0708035670627162e-06-5.034894896798183e-07j),(1.2922598218396012e-06-2.1176231121208885e-07j),(0.13452149993290932+0.427725115405257j),(0.0016963366647639875-0.0032501913582637402j),(-5.310187875353172e-06+1.6367660346541135e-06j),2636.7260580798074,7344.589408907863,2.7955264782558013e-06,0.0,0.0,0.0,0.0005879478255006,0.0,0.0,0.0,0.0099862693755119,4.649170287695561e-06,0.0,0.0,0.0,0.0035866482071171,0.0,0.0,0.0,0.9359133207004856,(0.00013520432030876819-4.713807963129939e-05j),(-0.0006509584347443988-1.0964461160462721e-05j),(0.014550760713470924-4.707085573655424e-09j),(-1.7754943778793817e-05-9.771061262171766e-06j),(9.816525593126921e-05-2.272778665222662e-06j),(0.003016177866351003-2.8313800459838676e-08j),(-1.4416352039866183e-05-1.244386853079264e-05j),(-1.1235534674724212e-05-2.894481791769571e-06j),(0.003841205721581017+4.006301193448444e-08j),-2.429071568882541,3.6936376297773696,1.4719726157115451,6907705.78216137,53904661.93038522,0.2581480981756368,-15650.011411971906,(-3.054888465693128e-05-3.056118715144454e-06j),(-0.00032384587991046005-0.10499759410810267j),(-1.1529497924815006e-07+2.915719158890937e-08j),(0.0817959142859165+3.986101156991355e-06j),(4.123294826582104e-07-2.101617000610738e-06j),(1.7929179052130872+2.2882738301031442j),(4.2595317045384913e-07+2.2195166117322257e-08j),(-0.004891822915644151-3.638355650982602e-05j),(1.728356567895895e-06+4.45254014930031e-08j)
